division,conference,teams_count,avg_net_impact,total_moves,avg_final_rating,best_team,best_offseason,most_active,strength_rating,competitive_balance
NFC North,NFC,4,-1.0925,152,86.8825,DET,CHI,DET,86.8825,6.455314993605402
AFC East,AFC,4,0.7799999999999999,213,84.67999999999999,BUF,NE,NE,84.67999999999999,7.043081711864487
AFC North,AFC,4,-0.6225000000000003,178,83.6775,BAL,CLE,PIT,83.6775,8.69236206869763
NFC West,NFC,4,-1.105,199,82.82,SF,ARI,SEA,82.82,2.806029222941201
NFC East,NFC,4,0.5725000000000001,161,82.2475,PHI,NYG,DAL,82.2475,7.713937062227039
AFC West,AFC,4,0.49500000000000005,193,82.19500000000001,KC,LV,LAC,82.19500000000001,6.892515264159135
AFC South,AFC,4,0.4800000000000002,199,79.95500000000001,HOU,IND,TEN,79.95500000000001,5.49517667292569
NFC South,NFC,4,0.9924999999999999,143,78.0425,TB,CAR,NO,78.0425,5.465536722652835
